dataset,regularizer,learning_rate,regularization_rate,seed,train_loss,test_loss,dead_links_k_34,sparsity_pct,playground_url
circle,none,0.003,0.003,0.42,0.044,0.102,0,0.0,"https://playground.tensorflow.org/#activation=tanh&regularization=none&batchSize=10&dataset=circle&learningRate=0.003&regularizationRate=0.003&noise=10&networkShape=4,4,2&seed=0.42&percTrainData=80&x=true&y=true"
circle,none,0.003,0.003,0.101,0.028,0.096,0,0.0,"https://playground.tensorflow.org/#activation=tanh&regularization=none&batchSize=10&dataset=circle&learningRate=0.003&regularizationRate=0.003&noise=10&networkShape=4,4,2&seed=0.101&percTrainData=80&x=true&y=true"
circle,none,0.003,0.003,0.2024,0.025,0.103,0,0.0,"https://playground.tensorflow.org/#activation=tanh&regularization=none&batchSize=10&dataset=circle&learningRate=0.003&regularizationRate=0.003&noise=10&networkShape=4,4,2&seed=0.2024&percTrainData=80&x=true&y=true"
circle,none,0.03,0.003,0.42,0.026,0.095,0,0.0,"https://playground.tensorflow.org/#activation=tanh&regularization=none&batchSize=10&dataset=circle&learningRate=0.03&regularizationRate=0.003&noise=10&networkShape=4,4,2&seed=0.42&percTrainData=80&x=true&y=true"
circle,none,0.03,0.003,0.101,0.024,0.1,0,0.0,"https://playground.tensorflow.org/#activation=tanh&regularization=none&batchSize=10&dataset=circle&learningRate=0.03&regularizationRate=0.003&noise=10&networkShape=4,4,2&seed=0.101&percTrainData=80&x=true&y=true"
circle,none,0.03,0.003,0.2024,0.026,0.104,0,0.0,"https://playground.tensorflow.org/#activation=tanh&regularization=none&batchSize=10&dataset=circle&learningRate=0.03&regularizationRate=0.003&noise=10&networkShape=4,4,2&seed=0.2024&percTrainData=80&x=true&y=true"
circle,none,0.3,0.003,0.42,0.033,0.097,0,0.0,"https://playground.tensorflow.org/#activation=tanh&regularization=none&batchSize=10&dataset=circle&learningRate=0.3&regularizationRate=0.003&noise=10&networkShape=4,4,2&seed=0.42&percTrainData=80&x=true&y=true"
circle,none,0.3,0.003,0.101,0.036,0.097,0,0.0,"https://playground.tensorflow.org/#activation=tanh&regularization=none&batchSize=10&dataset=circle&learningRate=0.3&regularizationRate=0.003&noise=10&networkShape=4,4,2&seed=0.101&percTrainData=80&x=true&y=true"
circle,none,0.3,0.003,0.2024,0.048,0.155,0,0.0,"https://playground.tensorflow.org/#activation=tanh&regularization=none&batchSize=10&dataset=circle&learningRate=0.3&regularizationRate=0.003&noise=10&networkShape=4,4,2&seed=0.2024&percTrainData=80&x=true&y=true"
circle,L1,0.003,0.003,0.42,0.041,0.068,3,8.82,"https://playground.tensorflow.org/#activation=tanh&regularization=L1&batchSize=10&dataset=circle&learningRate=0.003&regularizationRate=0.003&noise=10&networkShape=4,4,2&seed=0.42&percTrainData=80&x=true&y=true"
circle,L1,0.003,0.003,0.101,0.036,0.079,5,14.71,"https://playground.tensorflow.org/#activation=tanh&regularization=L1&batchSize=10&dataset=circle&learningRate=0.003&regularizationRate=0.003&noise=10&networkShape=4,4,2&seed=0.101&percTrainData=80&x=true&y=true"
circle,L1,0.003,0.003,0.2024,0.035,0.082,9,26.47,"https://playground.tensorflow.org/#activation=tanh&regularization=L1&batchSize=10&dataset=circle&learningRate=0.003&regularizationRate=0.003&noise=10&networkShape=4,4,2&seed=0.2024&percTrainData=80&x=true&y=true"
circle,L1,0.03,0.003,0.42,0.035,0.083,20,58.82,"https://playground.tensorflow.org/#activation=tanh&regularization=L1&batchSize=10&dataset=circle&learningRate=0.03&regularizationRate=0.003&noise=10&networkShape=4,4,2&seed=0.42&percTrainData=80&x=true&y=true"
circle,L1,0.03,0.003,0.101,0.035,0.084,22,64.71,"https://playground.tensorflow.org/#activation=tanh&regularization=L1&batchSize=10&dataset=circle&learningRate=0.03&regularizationRate=0.003&noise=10&networkShape=4,4,2&seed=0.101&percTrainData=80&x=true&y=true"
circle,L1,0.03,0.003,0.2024,0.035,0.084,22,64.71,"https://playground.tensorflow.org/#activation=tanh&regularization=L1&batchSize=10&dataset=circle&learningRate=0.03&regularizationRate=0.003&noise=10&networkShape=4,4,2&seed=0.2024&percTrainData=80&x=true&y=true"
circle,L1,0.3,0.003,0.42,0.083,0.132,22,64.71,"https://playground.tensorflow.org/#activation=tanh&regularization=L1&batchSize=10&dataset=circle&learningRate=0.3&regularizationRate=0.003&noise=10&networkShape=4,4,2&seed=0.42&percTrainData=80&x=true&y=true"
circle,L1,0.3,0.003,0.101,0.06,0.111,22,64.71,"https://playground.tensorflow.org/#activation=tanh&regularization=L1&batchSize=10&dataset=circle&learningRate=0.3&regularizationRate=0.003&noise=10&networkShape=4,4,2&seed=0.101&percTrainData=80&x=true&y=true"
circle,L1,0.3,0.003,0.2024,0.076,0.142,22,64.71,"https://playground.tensorflow.org/#activation=tanh&regularization=L1&batchSize=10&dataset=circle&learningRate=0.3&regularizationRate=0.003&noise=10&networkShape=4,4,2&seed=0.2024&percTrainData=80&x=true&y=true"
circle,L2,0.003,0.003,0.42,0.046,0.098,0,0.0,"https://playground.tensorflow.org/#activation=tanh&regularization=L2&batchSize=10&dataset=circle&learningRate=0.003&regularizationRate=0.003&noise=10&networkShape=4,4,2&seed=0.42&percTrainData=80&x=true&y=true"
circle,L2,0.003,0.003,0.101,0.033,0.087,0,0.0,"https://playground.tensorflow.org/#activation=tanh&regularization=L2&batchSize=10&dataset=circle&learningRate=0.003&regularizationRate=0.003&noise=10&networkShape=4,4,2&seed=0.101&percTrainData=80&x=true&y=true"
circle,L2,0.003,0.003,0.2024,0.031,0.086,0,0.0,"https://playground.tensorflow.org/#activation=tanh&regularization=L2&batchSize=10&dataset=circle&learningRate=0.003&regularizationRate=0.003&noise=10&networkShape=4,4,2&seed=0.2024&percTrainData=80&x=true&y=true"
circle,L2,0.03,0.003,0.42,0.032,0.084,0,0.0,"https://playground.tensorflow.org/#activation=tanh&regularization=L2&batchSize=10&dataset=circle&learningRate=0.03&regularizationRate=0.003&noise=10&networkShape=4,4,2&seed=0.42&percTrainData=80&x=true&y=true"
circle,L2,0.03,0.003,0.101,0.032,0.081,0,0.0,"https://playground.tensorflow.org/#activation=tanh&regularization=L2&batchSize=10&dataset=circle&learningRate=0.03&regularizationRate=0.003&noise=10&networkShape=4,4,2&seed=0.101&percTrainData=80&x=true&y=true"
circle,L2,0.03,0.003,0.2024,0.032,0.081,0,0.0,"https://playground.tensorflow.org/#activation=tanh&regularization=L2&batchSize=10&dataset=circle&learningRate=0.03&regularizationRate=0.003&noise=10&networkShape=4,4,2&seed=0.2024&percTrainData=80&x=true&y=true"
circle,L2,0.3,0.003,0.42,0.035,0.115,0,0.0,"https://playground.tensorflow.org/#activation=tanh&regularization=L2&batchSize=10&dataset=circle&learningRate=0.3&regularizationRate=0.003&noise=10&networkShape=4,4,2&seed=0.42&percTrainData=80&x=true&y=true"
circle,L2,0.3,0.003,0.101,0.04,0.082,0,0.0,"https://playground.tensorflow.org/#activation=tanh&regularization=L2&batchSize=10&dataset=circle&learningRate=0.3&regularizationRate=0.003&noise=10&networkShape=4,4,2&seed=0.101&percTrainData=80&x=true&y=true"
circle,L2,0.3,0.003,0.2024,0.038,0.107,0,0.0,"https://playground.tensorflow.org/#activation=tanh&regularization=L2&batchSize=10&dataset=circle&learningRate=0.3&regularizationRate=0.003&noise=10&networkShape=4,4,2&seed=0.2024&percTrainData=80&x=true&y=true"
spiral,none,0.003,0.003,0.42,0.48,0.453,0,0.0,"https://playground.tensorflow.org/#activation=tanh&regularization=none&batchSize=10&dataset=spiral&learningRate=0.003&regularizationRate=0.003&noise=10&networkShape=4,4,2&seed=0.42&percTrainData=80&x=true&y=true"
spiral,none,0.003,0.003,0.101,0.478,0.451,0,0.0,"https://playground.tensorflow.org/#activation=tanh&regularization=none&batchSize=10&dataset=spiral&learningRate=0.003&regularizationRate=0.003&noise=10&networkShape=4,4,2&seed=0.101&percTrainData=80&x=true&y=true"
spiral,none,0.003,0.003,0.2024,0.473,0.445,0,0.0,"https://playground.tensorflow.org/#activation=tanh&regularization=none&batchSize=10&dataset=spiral&learningRate=0.003&regularizationRate=0.003&noise=10&networkShape=4,4,2&seed=0.2024&percTrainData=80&x=true&y=true"
spiral,none,0.03,0.003,0.42,0.473,0.445,0,0.0,"https://playground.tensorflow.org/#activation=tanh&regularization=none&batchSize=10&dataset=spiral&learningRate=0.03&regularizationRate=0.003&noise=10&networkShape=4,4,2&seed=0.42&percTrainData=80&x=true&y=true"
spiral,none,0.03,0.003,0.101,0.298,0.305,0,0.0,"https://playground.tensorflow.org/#activation=tanh&regularization=none&batchSize=10&dataset=spiral&learningRate=0.03&regularizationRate=0.003&noise=10&networkShape=4,4,2&seed=0.101&percTrainData=80&x=true&y=true"
spiral,none,0.03,0.003,0.2024,0.272,0.31,0,0.0,"https://playground.tensorflow.org/#activation=tanh&regularization=none&batchSize=10&dataset=spiral&learningRate=0.03&regularizationRate=0.003&noise=10&networkShape=4,4,2&seed=0.2024&percTrainData=80&x=true&y=true"
spiral,none,0.3,0.003,0.42,0.326,0.327,0,0.0,"https://playground.tensorflow.org/#activation=tanh&regularization=none&batchSize=10&dataset=spiral&learningRate=0.3&regularizationRate=0.003&noise=10&networkShape=4,4,2&seed=0.42&percTrainData=80&x=true&y=true"
spiral,none,0.3,0.003,0.101,0.444,0.423,0,0.0,"https://playground.tensorflow.org/#activation=tanh&regularization=none&batchSize=10&dataset=spiral&learningRate=0.3&regularizationRate=0.003&noise=10&networkShape=4,4,2&seed=0.101&percTrainData=80&x=true&y=true"
spiral,none,0.3,0.003,0.2024,0.41,0.44,0,0.0,"https://playground.tensorflow.org/#activation=tanh&regularization=none&batchSize=10&dataset=spiral&learningRate=0.3&regularizationRate=0.003&noise=10&networkShape=4,4,2&seed=0.2024&percTrainData=80&x=true&y=true"
spiral,L1,0.003,0.003,0.42,0.481,0.457,9,26.47,"https://playground.tensorflow.org/#activation=tanh&regularization=L1&batchSize=10&dataset=spiral&learningRate=0.003&regularizationRate=0.003&noise=10&networkShape=4,4,2&seed=0.42&percTrainData=80&x=true&y=true"
spiral,L1,0.003,0.003,0.101,0.48,0.457,16,47.06,"https://playground.tensorflow.org/#activation=tanh&regularization=L1&batchSize=10&dataset=spiral&learningRate=0.003&regularizationRate=0.003&noise=10&networkShape=4,4,2&seed=0.101&percTrainData=80&x=true&y=true"
spiral,L1,0.003,0.003,0.2024,0.48,0.456,21,61.76,"https://playground.tensorflow.org/#activation=tanh&regularization=L1&batchSize=10&dataset=spiral&learningRate=0.003&regularizationRate=0.003&noise=10&networkShape=4,4,2&seed=0.2024&percTrainData=80&x=true&y=true"
spiral,L1,0.03,0.003,0.42,0.48,0.461,25,73.53,"https://playground.tensorflow.org/#activation=tanh&regularization=L1&batchSize=10&dataset=spiral&learningRate=0.03&regularizationRate=0.003&noise=10&networkShape=4,4,2&seed=0.42&percTrainData=80&x=true&y=true"
spiral,L1,0.03,0.003,0.101,0.48,0.461,28,82.35,"https://playground.tensorflow.org/#activation=tanh&regularization=L1&batchSize=10&dataset=spiral&learningRate=0.03&regularizationRate=0.003&noise=10&networkShape=4,4,2&seed=0.101&percTrainData=80&x=true&y=true"
spiral,L1,0.03,0.003,0.2024,0.48,0.462,28,82.35,"https://playground.tensorflow.org/#activation=tanh&regularization=L1&batchSize=10&dataset=spiral&learningRate=0.03&regularizationRate=0.003&noise=10&networkShape=4,4,2&seed=0.2024&percTrainData=80&x=true&y=true"
spiral,L1,0.3,0.003,0.42,0.479,0.461,30,88.24,"https://playground.tensorflow.org/#activation=tanh&regularization=L1&batchSize=10&dataset=spiral&learningRate=0.3&regularizationRate=0.003&noise=10&networkShape=4,4,2&seed=0.42&percTrainData=80&x=true&y=true"
spiral,L1,0.3,0.003,0.101,0.479,0.461,30,88.24,"https://playground.tensorflow.org/#activation=tanh&regularization=L1&batchSize=10&dataset=spiral&learningRate=0.3&regularizationRate=0.003&noise=10&networkShape=4,4,2&seed=0.101&percTrainData=80&x=true&y=true"
spiral,L1,0.3,0.003,0.2024,0.479,0.461,30,88.24,"https://playground.tensorflow.org/#activation=tanh&regularization=L1&batchSize=10&dataset=spiral&learningRate=0.3&regularizationRate=0.003&noise=10&networkShape=4,4,2&seed=0.2024&percTrainData=80&x=true&y=true"
spiral,L2,0.003,0.003,0.42,0.481,0.454,0,0.0,"https://playground.tensorflow.org/#activation=tanh&regularization=L2&batchSize=10&dataset=spiral&learningRate=0.003&regularizationRate=0.003&noise=10&networkShape=4,4,2&seed=0.42&percTrainData=80&x=true&y=true"
spiral,L2,0.003,0.003,0.101,0.48,0.454,0,0.0,"https://playground.tensorflow.org/#activation=tanh&regularization=L2&batchSize=10&dataset=spiral&learningRate=0.003&regularizationRate=0.003&noise=10&networkShape=4,4,2&seed=0.101&percTrainData=80&x=true&y=true"
spiral,L2,0.003,0.003,0.2024,0.479,0.453,0,0.0,"https://playground.tensorflow.org/#activation=tanh&regularization=L2&batchSize=10&dataset=spiral&learningRate=0.003&regularizationRate=0.003&noise=10&networkShape=4,4,2&seed=0.2024&percTrainData=80&x=true&y=true"
spiral,L2,0.03,0.003,0.42,0.479,0.455,0,0.0,"https://playground.tensorflow.org/#activation=tanh&regularization=L2&batchSize=10&dataset=spiral&learningRate=0.03&regularizationRate=0.003&noise=10&networkShape=4,4,2&seed=0.42&percTrainData=80&x=true&y=true"
spiral,L2,0.03,0.003,0.101,0.478,0.455,0,0.0,"https://playground.tensorflow.org/#activation=tanh&regularization=L2&batchSize=10&dataset=spiral&learningRate=0.03&regularizationRate=0.003&noise=10&networkShape=4,4,2&seed=0.101&percTrainData=80&x=true&y=true"
spiral,L2,0.03,0.003,0.2024,0.478,0.456,0,0.0,"https://playground.tensorflow.org/#activation=tanh&regularization=L2&batchSize=10&dataset=spiral&learningRate=0.03&regularizationRate=0.003&noise=10&networkShape=4,4,2&seed=0.2024&percTrainData=80&x=true&y=true"
spiral,L2,0.3,0.003,0.42,0.479,0.458,0,0.0,"https://playground.tensorflow.org/#activation=tanh&regularization=L2&batchSize=10&dataset=spiral&learningRate=0.3&regularizationRate=0.003&noise=10&networkShape=4,4,2&seed=0.42&percTrainData=80&x=true&y=true"
spiral,L2,0.3,0.003,0.101,0.479,0.458,0,0.0,"https://playground.tensorflow.org/#activation=tanh&regularization=L2&batchSize=10&dataset=spiral&learningRate=0.3&regularizationRate=0.003&noise=10&networkShape=4,4,2&seed=0.101&percTrainData=80&x=true&y=true"
spiral,L2,0.3,0.003,0.2024,0.479,0.458,0,0.0,"https://playground.tensorflow.org/#activation=tanh&regularization=L2&batchSize=10&dataset=spiral&learningRate=0.3&regularizationRate=0.003&noise=10&networkShape=4,4,2&seed=0.2024&percTrainData=80&x=true&y=true"
